{
  "overall_metrics": {
    "AP": 0.00014758663366336633,
    "AP50": 0.0001485148514851485,
    "AP75": 0.0001485148514851485,
    "AP_small": 0.00017409481393001455,
    "AP_medium": 0.00012151215121512152,
    "AP_large": 0.00017481435643564358,
    "AR_max1": 0.0001072357995744766,
    "AR_max10": 0.00016453374891102664,
    "AR_max100": 0.00017694443834222271,
    "AR_small": 0.00011983519034354691,
    "AR_medium": 8.360193392425462e-05,
    "AR_large": 0.00020766845439095988
  },
  "per_category_metrics": {}
}